peptide sequence,rank (#),cDNA mutants,C1 count (#) [frequency(%)],C2 count (#) [frequency(%)],C3 count (#) [frequency(%)],C4 count (#) [frequency(%)],C5 count (#) [frequency(%)],C6 count (#) [frequency(%)],
vwdprtfylsri,1,82,0 [0.0%],0 [0.0%],2 [0.0%],137 [3.2%],7731 [51.9%],4292 [76.6%],
WDANTIfIKRV.,2,13,0 [0.0%],0 [0.0%],0 [0.0%],5 [0.1%],201 [1.4%],176 [3.1%],
WNPRTIfIKRA.,3,13,0 [0.0%],0 [0.0%],0 [0.0%],4 [0.1%],540 [3.6%],132 [2.4%],
vwdprtfylsrT,4,18,0 [0.0%],0 [0.0%],0 [0.0%],5 [0.1%],285 [1.9%],127 [2.3%],
IwdTGtfylsrT,5,11,0 [0.0%],0 [0.0%],0 [0.0%],10 [0.2%],354 [2.4%],63 [1.1%],
WwNTrSfylsri,6,12,0 [0.0%],0 [0.0%],0 [0.0%],22 [0.5%],1163 [7.8%],53 [0.9%],
Fwdprtfylsri,7,8,0 [0.0%],0 [0.0%],0 [0.0%],2 [0.0%],99 [0.7%],38 [0.7%],
vwdpStfylsri,8,4,0 [0.0%],0 [0.0%],0 [0.0%],0 [0.0%],41 [0.3%],35 [0.6%],
KwdTrtfylsrY,9,6,0 [0.0%],0 [0.0%],0 [0.0%],9 [0.2%],348 [2.3%],31 [0.6%],
KwdTrtfylsri,10,8,0 [0.0%],0 [0.0%],0 [0.0%],2 [0.0%],97 [0.7%],29 [0.5%],
Iwdprtfylsri,11,6,0 [0.0%],0 [0.0%],0 [0.0%],0 [0.0%],26 [0.2%],26 [0.5%],
IwdTGtfylsri,12,5,0 [0.0%],0 [0.0%],0 [0.0%],2 [0.0%],60 [0.4%],22 [0.4%],
vwdprtfylsrM,12,2,0 [0.0%],0 [0.0%],0 [0.0%],2 [0.0%],66 [0.4%],22 [0.4%],
Awdprtfylsri,13,7,0 [0.0%],0 [0.0%],0 [0.0%],4 [0.1%],117 [0.8%],18 [0.3%],
vwdSrtfylsri,13,5,0 [0.0%],0 [0.0%],0 [0.0%],0 [0.0%],28 [0.2%],18 [0.3%],
vwdpGtfylsri,13,8,0 [0.0%],0 [0.0%],0 [0.0%],2 [0.0%],32 [0.2%],18 [0.3%],
vwdprtfyMsri,14,5,0 [0.0%],0 [0.0%],0 [0.0%],1 [0.0%],58 [0.4%],16 [0.3%],
vwdprtfylsrS,14,7,0 [0.0%],0 [0.0%],0 [0.0%],2 [0.0%],74 [0.5%],16 [0.3%],
vwdprtfylsrV,14,6,0 [0.0%],0 [0.0%],0 [0.0%],0 [0.0%],32 [0.2%],16 [0.3%],
WNPRTIfIKRV.,15,3,0 [0.0%],0 [0.0%],0 [0.0%],0 [0.0%],19 [0.1%],14 [0.2%],
vRdprtfylsri,15,7,0 [0.0%],0 [0.0%],1 [0.0%],1 [0.0%],26 [0.2%],14 [0.2%],
vwdpKtfylsri,16,4,0 [0.0%],0 [0.0%],0 [0.0%],1 [0.0%],32 [0.2%],13 [0.2%],
vwdprtfylsrN,16,5,0 [0.0%],0 [0.0%],0 [0.0%],0 [0.0%],68 [0.5%],13 [0.2%],
FRFpFYIQRR..,17,3,0 [0.0%],0 [0.0%],0 [0.0%],3 [0.1%],79 [0.5%],11 [0.2%],
total count (#),,11122,12026,15578,4279,14882,5601,


